season,type_text,events,share
2021-22,3-Second Turnover,199,3.462236395933699e-4
2021-22,5-Second Back to the Basket Turnover,2,3.479634568777587e-6
2021-22,5-Second Turnover,49,8.525104693505089e-5
2021-22,8-Second Turnover,37,6.437323952238535e-5
2021-22,Alley Oop Dunk Shot,1852,0.0032221416106880457
2021-22,Alley Oop Layup Shot,923,0.0016058513534908563
2021-22,Away from Play Foul,98,1.7050209387010177e-4
2021-22,Back Court Turnover,216,3.758005334279794e-4
2021-22,"Bad Pass
Turnover",12305,0.021408451684404105
2021-22,Basket from Below Turnover,4,6.959269137555174e-6
2021-22,Challenge,176,3.0620784205242764e-4
2021-22,Clear Path Foul,72,1.2526684447599314e-4
2021-22,Coach's Challenge (Overturned),338,5.880582421234122e-4
2021-22,Coach's Challenge (Stands),205,3.5666254329970264e-4
2021-22,Coach's Challenge (Supported),169,2.940291210617061e-4
2021-22,Cutting Dunk Shot,3126,0.005438668830999368
2021-22,Cutting Finger Roll Layup Shot,673,0.001170897032393658
2021-22,Cutting Layup Shot,5284,0.009193194530710385
2021-22,Defensive 3-Seconds Technical,414,7.202843557369605e-4
2021-22,Defensive Goaltending,509,8.855669977538958e-4
2021-22,Defensive Rebound,89096,0.15501076076990394
2021-22,Delay Technical,46,8.00315950818845e-5
2021-22,Delay of Game,602,0.0010473700052020536
2021-22,Disc Dribble Turnover,43,7.481214322871813e-5
2021-22,Double Dribble Turnover,78,1.357057481823259e-4
2021-22,Double Lane,6,1.0438903706332761e-5
2021-22,Double Personal Foul,19,3.3056528403387075e-5
2021-22,Double Technical Foul,78,1.357057481823259e-4
2021-22,Driving Dunk Shot,1770,0.0030794765933681643
2021-22,Driving Finger Roll Layup,5051,0.008787817103447795
2021-22,Driving Floating Bank Jump Shot,2084,0.0036257792206662457
2021-22,Driving Floating Jump Shot,9586,0.016677888488150973
2021-22,Driving Hook Shot,1245,0.002166072519064048
2021-22,Driving Jump Shot Bank,517,8.994855360290062e-4
2021-22,Driving Layup Shot,18944,0.0329590986354613
2021-22,Driving Reverse Dunk Shot,44,7.655196051310691e-5
2021-22,Dunk Shot,1801,0.003133410929184217
2021-22,Ejection,94,1.6354282473254658e-4
2021-22,End Game,1231,0.002141715077082605
2021-22,End Period,4991,0.008683428066384469
2021-22,Excess Timeout Technical,1,1.7398172843887935e-6
2021-22,Excess Timeout Turnover,1,1.7398172843887935e-6
2021-22,Fade Away Bank Jump Shot,144,2.505336889519863e-4
2021-22,Fade Away Jump Shot,4037,0.007023642377077559
2021-22,Finger Roll Layup,429,7.463816150027924e-4
2021-22,Flagrant Foul Type 1,167,2.905494864929285e-4
2021-22,Flagrant Foul Type 2,16,2.7837076550220696e-5
2021-22,Floating Jump Shot,4834,0.008410276752735427
2021-22,Free Throw - 1 of 1,5845,0.010169232027252497
2021-22,Free Throw - 1 of 2,21931,0.03815593286393063
2021-22,Free Throw - 1 of 3,709,0.0012335304546316546
2021-22,Free Throw - 2 of 2,21917,0.038131575421949185
2021-22,Free Throw - 2 of 3,709,0.0012335304546316546
2021-22,Free Throw - 3 of 3,709,0.0012335304546316546
2021-22,Free Throw - Clear Path 1 of 2,72,1.2526684447599314e-4
2021-22,Free Throw - Clear Path 2 of 2,72,1.2526684447599314e-4
2021-22,Free Throw - Flagrant 1 of 1,14,2.435744198144311e-5
2021-22,Free Throw - Flagrant 1 of 2,146,2.5401332352076387e-4
2021-22,Free Throw - Flagrant 1 of 3,22,3.8275980256553455e-5
2021-22,Free Throw - Flagrant 2 of 2,146,2.5401332352076387e-4
2021-22,Free Throw - Flagrant 2 of 3,22,3.8275980256553455e-5
2021-22,Free Throw - Flagrant 3 of 3,22,3.8275980256553455e-5
2021-22,Free Throw - Technical,1452,0.0025262146969325283
2021-22,Full Timeout,13212,0.02298646596134474
2021-22,Hanging Technical Foul,4,6.959269137555174e-6
2021-22,Hook Driving Bank,232,4.036376099782001e-4
2021-22,Hook Shot,2135,0.0037145099021700743
2021-22,Hook Shot Bank,149,2.5923277537393024e-4
2021-22,Hook Turnaround Bank,161,2.8011058278659576e-4
2021-22,Illegal Assist Turnover,14,2.435744198144311e-5
2021-22,Inbound Turnover,20,3.479634568777587e-5
2021-22,Jump Ball,17,2.957689383460949e-5
2021-22,Jump Shot,70995,0.12351832810518239
2021-22,Jump Shot Bank,546,9.499402372762812e-4
2021-22,Jumpball,2190,0.0038101998528114575
2021-22,Jumpball Violation Turnover,2,3.479634568777587e-6
2021-22,Kicked Ball,912,0.0015867133633625796
2021-22,Kicked Ball Turnover,23,4.001579754094225e-5
2021-22,Lane,64,1.1134830620088278e-4
2021-22,Lane Violation Turnover,14,2.435744198144311e-5
2021-22,Layup Driving Reverse,1985,0.003453537309511755
2021-22,Layup Running Reverse,474,8.246733928002881e-4
2021-22,Layup Shot,7987,0.013895920650413294
2021-22,Layup Shot Putback,3316,0.005769234115033239
2021-22,Loose Ball Foul,2696,0.004690547398712187
2021-22,Lost Ball Turnover,6696,0.01164981653626736
2021-22,No Shot (Default Shot),3,5.2194518531663805e-6
2021-22,No Turnover,46,8.00315950818845e-5
2021-22,Not Available,25,4.3495432109719835e-5
2021-22,Offensive Charge,1105,0.001922498099249617
2021-22,Offensive Foul,2972,0.005170736969203494
2021-22,Offensive Foul Turnover,4077,0.007093235068453111
2021-22,Offensive Goaltending Turnover,133,2.3139569882370953e-4
2021-22,Offensive Rebound,39919,0.06945176617551625
2021-22,Out of Bounds - Bad Pass Turnover,3919,0.006818343937519682
2021-22,Out of Bounds - Lost Ball Turnover,1848,0.00321518234155049
2021-22,Out of Bounds - Step Turnover,865,0.0015049419509963063
2021-22,Palming Turnover,67,1.1656775805404916e-4
2021-22,Personal Foul,15005,0.026105958352253846
2021-22,Personal Take Foul,2840,0.004941081087664174
2021-22,Pullup Bank Jump Shot,525,9.134040743041166e-4
2021-22,Pullup Jump Shot,25753,0.0448055145248646
2021-22,Punched Ball Turnover,3,5.2194518531663805e-6
2021-22,Putback Dunk Shot,520,9.047049878821726e-4
2021-22,Reverse Dunk Shot,125,2.1747716054859917e-4
2021-22,Reverse Layup Shot,1422,0.0024740201784008643
2021-22,Running Alley Oop Dunk Shot,381,6.628703853521303e-4
2021-22,Running Alley Oop Layup Shot,129,2.2443642968615436e-4
2021-22,Running Dunk Shot,2206,0.0038380369293616783
2021-22,Running Finger Roll Layup,1207,0.002099959462257274
2021-22,Running Jump Shot,2947,0.005127241537093774
2021-22,Running Layup Shot,5151,0.008961798831886676
2021-22,Running Pullup Jump Shot,1819,0.0031647276403032154
2021-22,Running Reverse Dunk Shot,35,6.089360495360777e-5
2021-22,Shooting Foul,23302,0.04054122236082767
2021-22,Shot Clock Turnover,1651,0.002872438336525898
2021-22,Step Back Bank Jump Shot,78,1.357057481823259e-4
2021-22,Step Back Jump Shot,10327,0.01796709309588307
2021-22,Substitution,66562,0.11580571808348687
2021-22,Technical Foul,1003,0.00174503673624196
2021-22,Tip Dunk Shot,718,0.0012491888101911538
2021-22,Tip Shot,4473,0.007782202713071073
2021-22,Too Many Players Technical,3,5.2194518531663805e-6
2021-22,Too Many Players Turnover,1,1.7398172843887935e-6
2021-22,Traveling,1557,0.0027088955117933514
2021-22,Turnaround Bank Jump Shot,333,5.793591557014682e-4
2021-22,Turnaround Fade Away Jump Shot,2983,0.005189874959331771
2021-22,Turnaround Fadeaway Bank Jump Shot,86,1.4962428645743625e-4
2021-22,Turnaround Hook Shot,2330,0.0040537742726258885
2021-22,Turnaround Jump Shot,3081,0.005360377053201873
2022-23,3-Second Turnover,149,2.571767857389431e-4
2022-23,5-Second Back to the Basket Turnover,1,1.7260186962345175e-6
2022-23,5-Second Turnover,51,8.80269535079604e-5
2022-23,8-Second Turnover,35,6.041065436820812e-5
2022-23,Alley Oop Dunk Shot,1564,0.0026994932409107855
2022-23,Alley Oop Layup Shot,794,0.001370458844810207
2022-23,Away from Play Foul,103,1.7777992571215532e-4
2022-23,Back Court Turnover,213,3.676419822979523e-4
2022-23,"Bad Pass
Turnover",11676,0.020152994297234227
2022-23,Basket from Below Turnover,2,3.452037392469035e-6
2022-23,Challenge,197,3.4002568315819997e-4
2022-23,Clear Path Foul,25,4.315046740586294e-5
2022-23,Coach's Challenge (Overturned),422,7.283798898109665e-4
2022-23,Coach's Challenge (Stands),194,3.348476270694964e-4
2022-23,Coach's Challenge (Supported),183,3.158614214109167e-4
2022-23,Coach's Challenge (replaycenter),1,1.7260186962345175e-6
2022-23,Cutting Dunk Shot,3349,0.0057804366136893996
2022-23,Cutting Finger Roll Layup Shot,677,0.0011685146573507685
2022-23,Cutting Layup Shot,5512,0.009513815053644662
2022-23,Defensive 3-Seconds Technical,400,6.904074784938071e-4
2022-23,Defensive Goaltending,606,0.0010459673299181176
2022-23,Defensive Rebound,86651,0.1495612460474172
2022-23,Delay Technical,70,1.2082130873641623e-4
2022-23,Delay of Game,591,0.0010200770494745999
2022-23,Disc Dribble Turnover,115,1.9849215006696952e-4
2022-23,Double Dribble Turnover,93,1.6051973874981013e-4
2022-23,Double Lane,6,1.0356112177407105e-5
2022-23,Double Personal Foul,16,2.761629913975228e-5
2022-23,Double Technical Foul,51,8.80269535079604e-5
2022-23,Driving Dunk Shot,1962,0.0033864486820121237
2022-23,Driving Finger Roll Layup,5516,0.009520719128429599
2022-23,Driving Floating Bank Jump Shot,2892,0.004991646069510225
2022-23,Driving Floating Jump Shot,11247,0.01941253227654962
2022-23,Driving Hook Shot,1499,0.002587302025655542
2022-23,Driving Jump Shot Bank,463,7.991466563565816e-4
2022-23,Driving Layup Shot,19193,0.033127476836829095
2022-23,Driving Reverse Dunk Shot,44,7.594482263431878e-5
2022-23,Dunk Shot,1647,0.0028427527926982504
2022-23,Ejection,83,1.4325955178746497e-4
2022-23,End Game,1228,0.0021195509589759876
2022-23,End Period,5010,0.008647353668134933
2022-23,Excess Timeout Technical,2,3.452037392469035e-6
2022-23,Excess Timeout Turnover,2,3.452037392469035e-6
2022-23,Fade Away Bank Jump Shot,186,3.2103947749962026e-4
2022-23,Fade Away Jump Shot,3924,0.006772897364024247
2022-23,Finger Roll Layup,405,6.990375719749796e-4
2022-23,Flagrant Foul Type 1,177,3.055053092335096e-4
2022-23,Flagrant Foul Type 2,14,2.4164261747283246e-5
2022-23,Floating Jump Shot,4323,0.00746157882382182
2022-23,Free Throw - 1 of 1,6908,0.011923337153588048
2022-23,Free Throw - 1 of 2,23469,0.040507932781927894
2022-23,Free Throw - 1 of 3,722,0.0012461854986813216
2022-23,Free Throw - 2 of 2,23456,0.04048549453887684
2022-23,Free Throw - 2 of 3,722,0.0012461854986813216
2022-23,Free Throw - 3 of 3,722,0.0012461854986813216
2022-23,Free Throw - Clear Path 1 of 2,25,4.315046740586294e-5
2022-23,Free Throw - Clear Path 2 of 2,25,4.315046740586294e-5
2022-23,Free Throw - Flagrant 1 of 1,32,5.523259827950456e-5
2022-23,Free Throw - Flagrant 1 of 2,123,2.1230029963684567e-4
2022-23,Free Throw - Flagrant 1 of 3,36,6.213667306444263e-5
2022-23,Free Throw - Flagrant 2 of 2,123,2.1230029963684567e-4
2022-23,Free Throw - Flagrant 2 of 3,36,6.213667306444263e-5
2022-23,Free Throw - Flagrant 3 of 3,36,6.213667306444263e-5
2022-23,Free Throw - Technical,1432,0.002471658773007829
2022-23,Full Timeout,13281,0.022923254304690627
2022-23,Hook Driving Bank,392,6.765993289239309e-4
2022-23,Hook Shot,1875,0.0032362850554397207
2022-23,Hook Shot Bank,142,2.450946548653015e-4
2022-23,Hook Turnaround Bank,201,3.4692975794313805e-4
2022-23,Illegal Assist Turnover,16,2.761629913975228e-5
2022-23,Inbound Turnover,27,4.660250479833198e-5
2022-23,Jump Ball,6,1.0356112177407105e-5
2022-23,Jump Shot,64020,0.11049971693293381
2022-23,Jump Shot Bank,452,7.801604506980019e-4
2022-23,Jumpball,2089,0.0036056530564339074
2022-23,Jumpball Violation Turnover,3,5.178056088703553e-6
2022-23,Kicked Ball,1050,0.0018123196310462434
2022-23,Kicked Ball Turnover,25,4.315046740586294e-5
2022-23,Lane,79,1.363554770025269e-4
2022-23,Lane Violation Turnover,15,2.5890280443517765e-5
2022-23,Layup Driving Reverse,2217,0.0038265834495519254
2022-23,Layup Running Reverse,623,0.0010753096477541045
2022-23,Layup Shot,5844,0.010086853260794521
2022-23,Layup Shot Putback,3528,0.006089393960315378
2022-23,Loose Ball Foul,2878,0.004967481807762942
2022-23,Lost Ball Turnover,6510,0.01123638171248671
2022-23,No Shot (Default Shot),5,8.630093481172588e-6
2022-23,No Turnover,14,2.4164261747283246e-5
2022-23,No Violation,1,1.7260186962345175e-6
2022-23,Not Available,28,4.832852349456649e-5
2022-23,Offensive Charge,1218,0.0021022907720136424
2022-23,Offensive Foul,3497,0.006035887380732108
2022-23,Offensive Foul Turnover,4737,0.00817615056406291
2022-23,Offensive Goaltending Turnover,114,1.96766131370735e-4
2022-23,Offensive Rebound,40004,0.06904765192416565
2022-23,Out of Bounds - Bad Pass Turnover,3859,0.006660706148769004
2022-23,Out of Bounds - Lost Ball Turnover,1739,0.003001546512751826
2022-23,Out of Bounds - Step Turnover,813,0.0014032532000386629
2022-23,Palming Turnover,160,2.761629913975228e-4
2022-23,Personal Foul,14102,0.024340315654299168
2022-23,Personal Take Foul,859,0.0014826500600654507
2022-23,Pullup Bank Jump Shot,509,8.785435163833695e-4
2022-23,Pullup Jump Shot,26735,0.04614510984382983
2022-23,Punched Ball Turnover,1,1.7260186962345175e-6
2022-23,Putback Dunk Shot,561,9.682964885875644e-4
2022-23,Reverse Dunk Shot,120,2.0712224354814212e-4
2022-23,Reverse Layup Shot,1402,0.002419878212120794
2022-23,Running Alley Oop Dunk Shot,469,8.095027685339888e-4
2022-23,Running Alley Oop Layup Shot,160,2.761629913975228e-4
2022-23,Running Dunk Shot,2575,0.004444498142803883
2022-23,Running Finger Roll Layup,1498,0.0025855760069593073
2022-23,Running Jump Shot,4405,0.00760311235691305
2022-23,Running Layup Shot,6767,0.01167996851741898
2022-23,Running Pullup Jump Shot,2615,0.004513538890653264
2022-23,Running Reverse Dunk Shot,25,4.315046740586294e-5
2022-23,Shooting Foul,26024,0.044917910550807086
2022-23,Shot Clock Turnover,1546,0.002668424904378564
2022-23,Step Back Bank Jump Shot,74,1.277253835213543e-4
2022-23,Step Back Jump Shot,10464,0.018061059637397993
2022-23,Substitution,67065,0.11575544386296792
2022-23,Technical Foul,979,0.0016897723036135928
2022-23,Tip Dunk Shot,820,0.0014153353309123045
2022-23,Tip Shot,4687,0.008089849629251184
2022-23,Transition Take Foul,212,3.6591596360171776e-4
2022-23,Traveling,2767,0.00477589373248091
2022-23,Turnaround Bank Jump Shot,310,5.350657958327005e-4
2022-23,Turnaround Fade Away Jump Shot,3219,0.0055560541831789125
2022-23,Turnaround Fadeaway Bank Jump Shot,92,1.587937200535756e-4
2022-23,Turnaround Hook Shot,2545,0.004392717581916847
2022-23,Turnaround Jump Shot,2868,0.004950221620800596
2023-24,3-Second Turnover,159,2.766439435855143e-4
2023-24,5-Second Back to the Basket Turnover,3,5.219697048783288e-6
2023-24,5-Second Turnover,58,1.0091414294314359e-4
2023-24,8-Second Turnover,52,9.047474884557701e-5
2023-24,Alley Oop Dunk Shot,1629,0.002834295497489326
2023-24,Alley Oop Layup Shot,769,0.001337982343504783
2023-24,Away from Play Foul,94,1.6355050752854305e-4
2023-24,Back Court Turnover,195,3.3928030817091377e-4
2023-24,"Bad Pass
Turnover",11702,0.020360298288287348
2023-24,Basket from Below Turnover,1,1.7398990162610963e-6
2023-24,Challenge,301,5.2370960389459e-4
2023-24,Clear Path Foul,24,4.1757576390266306e-5
2023-24,Coach's Challenge (Overturned),749,0.001303184363179561
2023-24,Coach's Challenge (Stands),325,5.654671802848562e-4
2023-24,Coach's Challenge (Supported),200,3.4797980325221924e-4
2023-24,Coach's Challenge (replaycenter),149,2.5924495342290334e-4
2023-24,Cutting Dunk Shot,3019,0.005252755130092249
2023-24,Cutting Finger Roll Layup Shot,711,0.0012370682005616394
2023-24,Cutting Layup Shot,5203,0.009052694581606483
2023-24,Defensive 3-Seconds Technical,575,0.0010004419343501304
2023-24,Defensive Goaltending,670,0.0011657323408949345
2023-24,Defensive Rebound,86716,0.15087708309409723
2023-24,Delay Technical,33,5.7416667536616174e-5
2023-24,Delay of Game,479,8.334116287890651e-4
2023-24,Disc Dribble Turnover,55,9.569444589436029e-5
2023-24,Double Dribble Turnover,86,1.4963131539845427e-4
2023-24,Double Lane,6,1.0439394097566577e-5
2023-24,Double Personal Foul,15,2.6098485243916442e-5
2023-24,Double Technical Foul,80,1.391919213008877e-4
2023-24,Driving Dunk Shot,2106,0.003664227328245869
2023-24,Driving Finger Roll Layup,6165,0.010726477435249657
2023-24,Driving Floating Bank Jump Shot,2908,0.005059626339287268
2023-24,Driving Floating Jump Shot,10995,0.019130189683790752
2023-24,Driving Hook Shot,1589,0.0027646995368388817
2023-24,Driving Jump Shot Bank,388,6.750808183093053e-4
2023-24,Driving Layup Shot,19610,0.0341194197088801
2023-24,Driving Reverse Dunk Shot,41,7.133585966670495e-5
2023-24,Dunk Shot,1467,0.0025524318568550283
2023-24,Ejection,78,1.357121232683655e-4
2023-24,End Game,1231,0.0021418156890174096
2023-24,End Period,4995,0.008690795586224176
2023-24,Excess Timeout Technical,2,3.4797980325221926e-6
2023-24,Excess Timeout Turnover,2,3.4797980325221926e-6
2023-24,Fade Away Bank Jump Shot,218,3.7929798554491896e-4
2023-24,Fade Away Jump Shot,4275,0.0074380682945161865
2023-24,Finger Roll Layup,397,6.907399094556552e-4
2023-24,Flagrant Foul Type 1,112,1.9486868982124278e-4
2023-24,Flagrant Foul Type 2,18,3.1318182292699735e-5
2023-24,Floating Jump Shot,4046,0.0070396314197923955
2023-24,Flopping Technical,79,1.374520222846266e-4
2023-24,Free Throw - 1 of 1,6247,0.010869149154583068
2023-24,Free Throw - 1 of 2,21786,0.03790543996826424
2023-24,Free Throw - 1 of 3,634,0.001103095976309535
2023-24,Free Throw - 2 of 2,21776,0.03788804097810163
2023-24,Free Throw - 2 of 3,634,0.001103095976309535
2023-24,Free Throw - 3 of 3,634,0.001103095976309535
2023-24,Free Throw - Clear Path 1 of 2,24,4.1757576390266306e-5
2023-24,Free Throw - Clear Path 2 of 2,24,4.1757576390266306e-5
2023-24,Free Throw - Flagrant 1 of 1,13,2.2618687211394252e-5
2023-24,Free Throw - Flagrant 1 of 2,97,1.6877020457732632e-4
2023-24,Free Throw - Flagrant 1 of 3,20,3.4797980325221925e-5
2023-24,Free Throw - Flagrant 2 of 2,97,1.6877020457732632e-4
2023-24,Free Throw - Flagrant 2 of 3,20,3.4797980325221925e-5
2023-24,Free Throw - Flagrant 3 of 3,20,3.4797980325221925e-5
2023-24,Free Throw - Technical,1477,0.002569830847017639
2023-24,Full Timeout,13244,0.02304322257136196
2023-24,Hanging Technical Foul,35,6.0896465569138364e-5
2023-24,Hook Driving Bank,304,5.289293009433732e-4
2023-24,Hook Shot,1901,0.003307548029912344
2023-24,Hook Shot Bank,136,2.366262662115091e-4
2023-24,Hook Turnaround Bank,216,3.7581818751239676e-4
2023-24,Illegal Assist Turnover,8,1.391919213008877e-5
2023-24,Inbound Turnover,20,3.4797980325221925e-5
2023-24,Jump Ball,13,2.2618687211394252e-5
2023-24,Jump Shot,63466,0.11042443096602673
2023-24,Jump Shot Bank,418,7.272777887971382e-4
2023-24,Jumpball,2081,0.0036207298528393413
2023-24,Jumpball Violation Turnover,3,5.219697048783288e-6
2023-24,Kicked Ball,944,0.0016424646713504747
2023-24,Kicked Ball Turnover,34,5.915656655287727e-5
2023-24,Lane,40,6.959596065044385e-5
2023-24,Lane Violation Turnover,10,1.7398990162610963e-5
2023-24,Layup Driving Reverse,2354,0.00409572228427862
2023-24,Layup Running Reverse,600,0.0010439394097566577
2023-24,Layup Shot,5434,0.009454611254362796
2023-24,Layup Shot Putback,3790,0.006594217271629554
2023-24,Loose Ball Foul,2724,0.004739484920295226
2023-24,Lost Ball Turnover,6947,0.012087078465965835
2023-24,No Foul,4,6.959596065044385e-6
2023-24,No Shot (Default Shot),5,8.699495081305481e-6
2023-24,No Turnover,8,1.391919213008877e-5
2023-24,No Violation,1,1.7398990162610963e-6
2023-24,Offensive Charge,997,0.0017346793192123129
2023-24,Offensive Foul,2880,0.005010909166831957
2023-24,Offensive Foul Turnover,3898,0.006782126365385753
2023-24,Offensive Goaltending Turnover,122,2.1226767998385374e-4
2023-24,Offensive Rebound,39998,0.06959248085241132
2023-24,Out of Bounds - Bad Pass Turnover,3946,0.0068656415181662855
2023-24,Out of Bounds - Lost Ball Turnover,1882,0.003274489948603383
2023-24,Out of Bounds - Step Turnover,805,0.0014006187080901824
2023-24,Palming Turnover,59,1.0265404195940467e-4
2023-24,Personal Foul,14007,0.024370765520769173
2023-24,Personal Take Foul,911,0.0015850480038138587
2023-24,Pullup Bank Jump Shot,538,9.360656707484697e-4
2023-24,Pullup Jump Shot,25490,0.04435002592449534
2023-24,Punched Ball Turnover,3,5.219697048783288e-6
2023-24,Putback Dunk Shot,499,8.68209609114287e-4
2023-24,Ref-Initiated Review (Overturned),185,3.218813180083028e-4
2023-24,Ref-Initiated Review (Stands),161,2.801237416180365e-4
2023-24,Ref-Initiated Review (Supported),621,0.0010804772890981407
2023-24,Reverse Dunk Shot,128,2.2270707408142033e-4
2023-24,Reverse Layup Shot,1259,0.0021905328614727202
2023-24,Running Alley Oop Dunk Shot,554,9.639040550086473e-4
2023-24,Running Alley Oop Layup Shot,187,3.25361116040825e-4
2023-24,Running Dunk Shot,2746,0.00477776269865297
2023-24,Running Finger Roll Layup,1718,0.0029891465099365633
2023-24,Running Jump Shot,5750,0.010004419343501303
2023-24,Running Layup Shot,7196,0.012520313321014848
2023-24,Running Pullup Jump Shot,2946,0.005125742501905189
2023-24,Running Reverse Dunk Shot,35,6.0896465569138364e-5
2023-24,Shooting Foul,24185,0.04207945770827461
2023-24,Shot Clock Turnover,1622,0.0028221162043754982
2023-24,Step Back Bank Jump Shot,83,1.44411618349671e-4
2023-24,Step Back Jump Shot,11042,0.019211964937555025
2023-24,Substitution,67680,0.11775636542055098
2023-24,Swinging Elbows Turnover,1,1.7398990162610963e-6
2023-24,Technical Foul,772,0.0013432020405535663
2023-24,Tip Dunk Shot,838,0.0014580353756267986
2023-24,Tip Shot,4681,0.008144467295118191
2023-24,Too Many Players Technical,1,1.7398990162610963e-6
2023-24,Transition Take Foul,151,2.6272475145542554e-4
2023-24,Traveling,1837,0.0031961944928716336
2023-24,Turnaround Bank Jump Shot,361,6.281035448702558e-4
2023-24,Turnaround Fade Away Jump Shot,3519,0.006122704638222797
2023-24,Turnaround Fadeaway Bank Jump Shot,109,1.8964899277245948e-4
2023-24,Turnaround Hook Shot,2391,0.004160098547880281
2023-24,Turnaround Jump Shot,2929,0.005096164218628751
2024-25,3-Second Turnover,114,1.9588133714786463e-4
2024-25,5-Second Back to the Basket Turnover,2,3.436514686804643e-6
2024-25,5-Second Turnover,63,1.0825021263434625e-4
2024-25,8-Second Turnover,62,1.0653195529094392e-4
2024-25,Alley Oop Dunk Shot,1794,0.0030825536740637645
2024-25,Alley Oop Layup Shot,774,0.0013299311837933966
2024-25,Away from Play Foul,101,1.7354399168363445e-4
2024-25,Back Court Turnover,262,4.501834239714082e-4
2024-25,"Bad Pass
Turnover",12690,0.02180468568777546
2024-25,Basket from Below Turnover,3,5.154772030206964e-6
2024-25,Challenge,337,5.790527247265823e-4
2024-25,Clear Path Foul,18,3.092863218124178e-5
2024-25,Coach's Challenge (Overturned),1088,0.0018694639896217257
2024-25,Coach's Challenge (Stands),320,5.498423498887428e-4
2024-25,Coach's Challenge (Supported),238,4.089452477297525e-4
2024-25,Coach's Challenge (replaycenter),176,3.0241329243880854e-4
2024-25,Cutting Dunk Shot,3305,0.0056788405199446725
2024-25,Cutting Finger Roll Layup Shot,747,0.001283538235521534
2024-25,Cutting Layup Shot,5809,0.009981356907824085
2024-25,Defensive 3-Seconds Technical,304,5.223502323943057e-4
2024-25,Defensive Goaltending,576,9.89716229799737e-4
2024-25,Defensive Rebound,86969,0.14943512289835648
2024-25,Delay Technical,34,5.842074967567893e-5
2024-25,Delay of Game,515,8.849025318521956e-4
2024-25,Disc Dribble Turnover,42,7.21668084228975e-5
2024-25,Double Dribble Turnover,77,1.3230581544197874e-4
2024-25,Double Lane,8,1.3746058747218572e-5
2024-25,Double Personal Foul,18,3.092863218124178e-5
2024-25,Double Technical Foul,93,1.5979793293641588e-4
2024-25,Driving Dunk Shot,1993,0.0034244868854008265
2024-25,Driving Finger Roll Layup,6042,0.010381710868836826
2024-25,Driving Floating Bank Jump Shot,3326,0.005714923924156121
2024-25,Driving Floating Jump Shot,13418,0.023055577033772347
2024-25,Driving Hook Shot,1711,0.0029399383145613718
2024-25,Driving Jump Shot Bank,346,5.945170408172032e-4
2024-25,Driving Layup Shot,18940,0.03254379408403996
2024-25,Driving Reverse Dunk Shot,46,7.903983779650678e-5
2024-25,Dunk Shot,1106,0.0019003926218029675
2024-25,Ejection,89,1.529249035628066e-4
2024-25,End Game,1231,0.0021151747897282577
2024-25,End Period,4991,0.008575822400920986
2024-25,Excess Timeout Technical,3,5.154772030206964e-6
2024-25,Excess Timeout Turnover,3,5.154772030206964e-6
2024-25,Fade Away Bank Jump Shot,192,3.299054099332457e-4
2024-25,Fade Away Jump Shot,3915,0.006726977499420088
2024-25,Finger Roll Layup,283,4.8626682818285694e-4
2024-25,Flagrant Foul Type 1,129,2.2165519729889946e-4
2024-25,Flagrant Foul Type 2,19,3.264688952464411e-5
2024-25,Floating Jump Shot,3703,0.006362706942618796
2024-25,Flopping Technical,17,2.9210374837839465e-5
2024-25,Free Throw - 1 of 1,5813,0.009988229937197694
2024-25,Free Throw - 1 of 2,21851,0.03754564121068413
2024-25,Free Throw - 1 of 3,816,0.0014020979922162943
2024-25,Free Throw - 2 of 2,21845,0.03753533166662371
2024-25,Free Throw - 2 of 3,815,0.001400379734872892
2024-25,Free Throw - 3 of 3,815,0.001400379734872892
2024-25,Free Throw - Clear Path 1 of 2,18,3.092863218124178e-5
2024-25,Free Throw - Clear Path 2 of 2,18,3.092863218124178e-5
2024-25,Free Throw - Flagrant 1 of 1,18,3.092863218124178e-5
2024-25,Free Throw - Flagrant 1 of 2,104,1.786987637138414e-4
2024-25,Free Throw - Flagrant 1 of 3,25,4.2956433585058035e-5
2024-25,Free Throw - Flagrant 2 of 2,104,1.786987637138414e-4
2024-25,Free Throw - Flagrant 2 of 3,25,4.2956433585058035e-5
2024-25,Free Throw - Flagrant 3 of 3,25,4.2956433585058035e-5
2024-25,Free Throw - Technical,1066,0.0018316623280668746
2024-25,Full Timeout,13349,0.022937017277077587
2024-25,Hanging Technical Foul,11,1.8900830777425534e-5
2024-25,Hook Driving Bank,318,5.464058352019382e-4
2024-25,Hook Shot,1251,0.002149539936596304
2024-25,Hook Shot Bank,102,1.752622490270368e-4
2024-25,Hook Turnaround Bank,240,4.123817624165571e-4
2024-25,Illegal Assist Turnover,10,1.7182573434023213e-5
2024-25,Inbound Turnover,26,4.467469092846035e-5
2024-25,Jump Ball,9,1.546431609062089e-5
2024-25,Jump Shot,63222,0.10863166576458157
2024-25,Jump Shot Bank,374,6.426282464324682e-4
2024-25,Jumpball,2204,0.0037870391848587163
2024-25,Jumpball Violation Turnover,1,1.7182573434023215e-6
2024-25,Kicked Ball,960,0.0016495270496662284
2024-25,Kicked Ball Turnover,44,7.560332310970214e-5
2024-25,Lane,47,8.075809513990911e-5
2024-25,Lane Violation Turnover,8,1.3746058747218572e-5
2024-25,Layup Driving Reverse,2143,0.0036822254869111745
2024-25,Layup Running Reverse,636,0.0010928116704038765
2024-25,Layup Shot,3513,0.006036238047372355
2024-25,Layup Shot Putback,3690,0.006340369597154566
2024-25,Loose Ball Foul,2911,0.005001847126644157
2024-25,Lost Ball Turnover,7809,0.013417871594628728
2024-25,No Shot (Default Shot),4,6.873029373609286e-6
2024-25,No Turnover,6,1.0309544060413928e-5
2024-25,Not Available,1,1.7182573434023215e-6
2024-25,Offensive Charge,805,0.0013831971614388686
2024-25,Offensive Foul,2609,0.004482933408936657
2024-25,Offensive Foul Turnover,3436,0.005903932231930377
2024-25,Offensive Goaltending Turnover,127,2.182186826120948e-4
2024-25,Offensive Rebound,41939,0.07206199472494995
2024-25,Out of Bounds - Bad Pass Turnover,4143,0.007118740173715817
2024-25,Out of Bounds - Lost Ball Turnover,2039,0.0035035267231973335
2024-25,Out of Bounds - Step Turnover,814,0.0013986614775294895
2024-25,Palming Turnover,61,1.048136979475416e-4
2024-25,Personal Foul,14115,0.024253202402123766
2024-25,Personal Take Foul,827,0.0014209988229937198
2024-25,Pullup Bank Jump Shot,516,8.866207891955978e-4
2024-25,Pullup Jump Shot,25074,0.043083584628469805
2024-25,Punched Ball Turnover,3,5.154772030206964e-6
2024-25,Putback Dunk Shot,528,9.072398773164257e-4
2024-25,Ref-Initiated Review (Overturned),236,4.0550873304294786e-4
2024-25,Ref-Initiated Review (Stands),163,2.8007594697457836e-4
2024-25,Ref-Initiated Review (Supported),620,0.0010653195529094393
2024-25,Reverse Dunk Shot,85,1.460518741891973e-4
2024-25,Reverse Layup Shot,981,0.0016856104538776773
2024-25,Running Alley Oop Dunk Shot,632,0.0010859386410302671
2024-25,Running Alley Oop Layup Shot,232,3.9863570366933856e-4
2024-25,Running Dunk Shot,3052,0.005244121412063885
2024-25,Running Finger Roll Layup,1719,0.0029536843733085905
2024-25,Running Jump Shot,6855,0.011778654089022914
2024-25,Running Layup Shot,7499,0.012885211818174008
2024-25,Running Pullup Jump Shot,3283,0.005641038858389821
2024-25,Running Reverse Dunk Shot,40,6.873029373609285e-5
2024-25,Shooting Foul,24094,0.04139969243193553
2024-25,Shot Clock Turnover,1830,0.003144410938426248
2024-25,Step Back Bank Jump Shot,83,1.4261535950239266e-4
2024-25,Step Back Jump Shot,12366,0.021247970308513105
2024-25,Substitution,70511,0.12115604354064108
2024-25,Technical Foul,715,0.0012285540005326598
2024-25,Tip Dunk Shot,831,0.001427871852367329
2024-25,Tip Shot,4866,0.008361040232995696
2024-25,Too Many Players Technical,1,1.7182573434023215e-6
2024-25,Too Many Players Turnover,1,1.7182573434023215e-6
2024-25,Transition Take Foul,123,2.1134565323848554e-4
2024-25,Traveling,1554,0.002670171911647207
2024-25,Turnaround Bank Jump Shot,242,4.158182771033618e-4
2024-25,Turnaround Fade Away Jump Shot,3271,0.005620419770268993
2024-25,Turnaround Fadeaway Bank Jump Shot,100,1.7182573434023214e-4
2024-25,Turnaround Hook Shot,2402,0.004127254138852376
2024-25,Turnaround Jump Shot,2273,0.0039055989415534764
2025-26,3-Second Turnover,122,2.040737810355239e-4
2025-26,5-Second Back to the Basket Turnover,3,5.018207730381735e-6
2025-26,5-Second Turnover,53,8.865500323674399e-5
2025-26,8-Second Turnover,49,8.1964059596235e-5
2025-26,Alley Oop Dunk Shot,1700,0.0028436510472163164
2025-26,Alley Oop Layup Shot,798,0.0013348432562815416
2025-26,Away from Play Foul,116,1.9403736557476042e-4
2025-26,Back Court Turnover,285,4.767297343862648e-4
2025-26,"Bad Pass
Turnover",12766,0.02135414662868441
2025-26,Challenge,344,5.754211530837723e-4
2025-26,Clear Path Foul,19,3.178198229241765e-5
2025-26,Coach's Challenge (Overturned),1128,0.0018868461066235325
2025-26,Coach's Challenge (Stands),340,5.687302094432633e-4
2025-26,Coach's Challenge (Supported),269,4.499659598242289e-4
2025-26,Coach's Challenge (replaycenter),185,3.094561433735403e-4
2025-26,Cutting Dunk Shot,3112,0.0052055541523159865
2025-26,Cutting Finger Roll Layup Shot,642,0.0010738964543016913
2025-26,Cutting Layup Shot,5221,0.008733354186774346
2025-26,Defensive 3-Seconds Technical,315,5.269118116900821e-4
2025-26,Defensive Goaltending,621,0.001038769000189019
2025-26,Defensive Rebound,85775,0.14347892269116444
2025-26,Delay Technical,45,7.527311595572603e-5
2025-26,Delay of Game,525,8.781863528168036e-4
2025-26,Disc Dribble Turnover,49,8.1964059596235e-5
2025-26,Double Dribble Turnover,95,1.5890991146208828e-4
2025-26,Double Lane,16,2.676377456203592e-5
2025-26,Double Personal Foul,27,4.516386957343562e-5
2025-26,Double Technical Foul,110,1.8400095011399695e-4
2025-26,Driving Dunk Shot,2238,0.0037435829668647745
2025-26,Driving Finger Roll Layup,5808,0.009715250166019039
2025-26,Driving Floating Bank Jump Shot,2992,0.005004825843100717
2025-26,Driving Floating Jump Shot,12667,0.021188545773581813
2025-26,Driving Hook Shot,1788,0.002990851807307514
2025-26,Driving Jump Shot Bank,338,5.653847376230088e-4
2025-26,Driving Layup Shot,19826,0.03316366215418276
2025-26,Driving Reverse Dunk Shot,38,6.35639645848353e-5
2025-26,Dunk Shot,1171,0.001958773750759004
2025-26,Ejection,65,1.0872783415827093e-4
2025-26,End Game,1231,0.002059137905366639
2025-26,End Period,4987,0.00834193398380457
2025-26,Excess Timeout Technical,4,6.69094364050898e-6
2025-26,Excess Timeout Turnover,1,1.672735910127245e-6
2025-26,Fade Away Bank Jump Shot,146,2.442194428785778e-4
2025-26,Fade Away Jump Shot,4092,0.006844835344240687
2025-26,Finger Roll Layup,281,4.7003879074575586e-4
2025-26,Flagrant Foul Type 1,235,3.930929388799026e-4
2025-26,Flagrant Foul Type 2,9,1.5054623191145205e-5
2025-26,Floating Jump Shot,3104,0.005192172265034969
2025-26,Flopping Technical,22,3.680019002279939e-5
2025-26,Free Throw - 1 of 1,6150,0.010287325847282557
2025-26,Free Throw - 1 of 2,23626,0.03952005861266629
2025-26,Free Throw - 1 of 3,933,0.0015606626041487195
2025-26,Free Throw - 2 of 2,23603,0.039481585686733364
2025-26,Free Throw - 2 of 3,933,0.0015606626041487195
2025-26,Free Throw - 3 of 3,933,0.0015606626041487195
2025-26,Free Throw - Clear Path 1 of 2,19,3.178198229241765e-5
2025-26,Free Throw - Clear Path 2 of 2,19,3.178198229241765e-5
2025-26,Free Throw - Flagrant 1 of 1,33,5.5200285034199084e-5
2025-26,Free Throw - Flagrant 1 of 2,157,2.626195378899775e-4
2025-26,Free Throw - Flagrant 1 of 3,53,8.865500323674399e-5
2025-26,Free Throw - Flagrant 2 of 2,157,2.626195378899775e-4
2025-26,Free Throw - Flagrant 2 of 3,53,8.865500323674399e-5
2025-26,Free Throw - Flagrant 3 of 3,53,8.865500323674399e-5
2025-26,Free Throw - Technical,1084,0.0018132457265779337
2025-26,Full Timeout,13267,0.02219218731965816
2025-26,Hanging Technical Foul,7,1.1709151370890715e-5
2025-26,Heave Jump Shot,1099,0.0018383367652298423
2025-26,Hook Driving Bank,368,6.155668149268261e-4
2025-26,Hook Shot,988,0.0016526630792057181
2025-26,Hook Shot Bank,83,1.3883708054056133e-4
2025-26,Hook Turnaround Bank,211,3.529472770368487e-4
2025-26,Illegal Assist Turnover,9,1.5054623191145205e-5
2025-26,Inbound Turnover,28,4.683660548356286e-5
2025-26,Jump Ball,11,1.8400095011399695e-5
2025-26,Jump Shot,64451,0.10780950214361107
2025-26,Jump Shot Bank,371,6.205850226572079e-4
2025-26,Jumpball,2293,0.0038355834419217727
2025-26,Jumpball Violation Turnover,4,6.69094364050898e-6
2025-26,Kicked Ball,864,0.0014452438263499398
2025-26,Kicked Ball Turnover,35,5.854575685445358e-5
2025-26,Lane,89,1.488734960013248e-4
2025-26,Lane Violation Turnover,21,3.5127454112672146e-5
2025-26,Layup Driving Reverse,2090,0.003496018052165942
2025-26,Layup Running Reverse,612,0.001023714376997874
2025-26,Layup Shot,3218,0.005382864158789475
2025-26,Layup Shot Putback,3867,0.006468469764462056
2025-26,Loose Ball Foul,3486,0.005831157382703576
2025-26,Lost Ball Turnover,8239,0.013781671163538371
2025-26,No Shot (Default Shot),2,3.34547182025449e-6
2025-26,No Turnover,5,8.363679550636226e-6
2025-26,Not Available,1,1.672735910127245e-6
2025-26,Offensive Charge,743,0.001242842781224543
2025-26,Offensive Foul,2852,0.004770642815682903
2025-26,Offensive Foul Turnover,3630,0.006072031353761899
2025-26,Offensive Goaltending Turnover,147,2.4589217878870503e-4
2025-26,Offensive Rebound,43975,0.0735585616478456
2025-26,Out of Bounds - Bad Pass Turnover,4196,0.00701879987889392
2025-26,Out of Bounds - Lost Ball Turnover,2151,0.003598054942683704
2025-26,Out of Bounds - Step Turnover,805,0.0013465524076524322
2025-26,Palming Turnover,53,8.865500323674399e-5
2025-26,Personal Foul,14830,0.024806673547187044
2025-26,Personal Take Foul,802,0.0013415341999220506
2025-26,Pullup Bank Jump Shot,564,9.434230533117662e-4
2025-26,Pullup Jump Shot,25696,0.04298262194662969
2025-26,Punched Ball Turnover,1,1.672735910127245e-6
2025-26,Putback Dunk Shot,513,8.581135218952766e-4
2025-26,Ref-Initiated Review (Overturned),351,5.87130304454663e-4
2025-26,Ref-Initiated Review (Stands),223,3.7302010795837564e-4
2025-26,Ref-Initiated Review (Supported),619,0.0010354235283687647
2025-26,Reverse Dunk Shot,82,1.3716434463043408e-4
2025-26,Reverse Layup Shot,1080,0.0018065547829374247
2025-26,Running Alley Oop Dunk Shot,706,0.001180951552549835
2025-26,Running Alley Oop Layup Shot,233,3.897474670596481e-4
2025-26,Running Dunk Shot,3070,0.005135299244090642
2025-26,Running Finger Roll Layup,1579,0.00264125000209092
2025-26,Running Jump Shot,6460,0.010805873979422002
2025-26,Running Layup Shot,7891,0.01319955906681409
2025-26,Running Pullup Jump Shot,3430,0.005737484171736451
2025-26,Running Reverse Dunk Shot,40,6.69094364050898e-5
2025-26,Shooting Foul,25633,0.04287723958429167
2025-26,Shot Clock Turnover,1655,0.0027683779312605906
2025-26,Step Back Bank Jump Shot,65,1.0872783415827093e-4
2025-26,Step Back Jump Shot,11286,0.018878497481696087
2025-26,Substitution,76521,0.12799942457884692
2025-26,Technical Foul,704,0.0011776060807295805
2025-26,Tip Dunk Shot,826,0.0013816798617651044
2025-26,Tip Shot,4706,0.007871895193058816
2025-26,Too Many Players Technical,1,1.672735910127245e-6
2025-26,Too Many Players Turnover,1,1.672735910127245e-6
2025-26,Transition Take Foul,112,1.8734642193425145e-4
2025-26,Traveling,1300,0.0021745566831654186
2025-26,Turnaround Bank Jump Shot,305,5.101844525888098e-4
2025-26,Turnaround Fade Away Jump Shot,3484,0.0058278119108833215
2025-26,Turnaround Fadeaway Bank Jump Shot,124,2.074192528557784e-4
2025-26,Turnaround Hook Shot,2238,0.0037435829668647745
2025-26,Turnaround Jump Shot,2842,0.00475391545658163
