season,raw_action_type,finish_family,creation_family,shots,share
2021-22,Alley Oop Dunk Shot,dunk,drive_cut_or_roll,1845,0.008513210472402433
2021-22,Alley Oop Layup shot,layup,drive_cut_or_roll,924,0.004263526545528373
2021-22,Cutting Dunk Shot,dunk,drive_cut_or_roll,3121,0.014400937606703518
2021-22,Cutting Finger Roll Layup Shot,layup,drive_cut_or_roll,672,0.0031007465785660893
2021-22,Cutting Layup Shot,layup,drive_cut_or_roll,5282,0.02437223724402691
2021-22,Driving Bank Hook Shot,hook,drive_cut_or_roll,232,0.0010704958426001974
2021-22,Driving Dunk Shot,dunk,drive_cut_or_roll,1760,0.008121002943863568
2021-22,Driving Finger Roll Layup Shot,layup,drive_cut_or_roll,5048,0.023292512988990505
2021-22,Driving Floating Bank Jump Shot,floater,drive_cut_or_roll,2596,0.01197847934219876
2021-22,Driving Floating Jump Shot,floater,drive_cut_or_roll,9586,0.04423178080674781
2021-22,Driving Hook Shot,hook,drive_cut_or_roll,1245,0.005744686741539853
2021-22,Driving Layup Shot,layup,drive_cut_or_roll,18944,0.08741152259576784
2021-22,Driving Reverse Dunk Shot,dunk,drive_cut_or_roll,43,1.9841086737848487e-4
2021-22,Driving Reverse Layup Shot,layup,drive_cut_or_roll,1986,0.00916381354915514
2021-22,Dunk Shot,dunk,other_or_unknown,1796,0.008287114367715322
2021-22,Fadeaway Jump Shot,fadeaway_or_turnaround,other_or_unknown,4031,0.01859986526517843
2021-22,Finger Roll Layup Shot,layup,other_or_unknown,429,0.0019794944675667445
2021-22,Floating Jump shot,floater,other_or_unknown,4836,0.02231430127075239
2021-22,Hook Bank Shot,hook,other_or_unknown,149,6.875167264975406e-4
2021-22,Hook Shot,hook,other_or_unknown,2135,0.00985133027565268
2021-22,Jump Bank Shot,regular_jumper,other_or_unknown,546,0.0025193565950849474
2021-22,Jump Shot,regular_jumper,other_or_unknown,70930,0.32728564705013796
2021-22,Layup Shot,layup,other_or_unknown,7977,0.036807523001818
2021-22,Pullup Jump shot,regular_jumper,pull_up_or_self_created,26249,0.12111829901901976
2021-22,Putback Dunk Shot,dunk,putback,518,0.002390158820978027
2021-22,Putback Layup Shot,layup,putback,3314,0.015291479406797648
2021-22,Reverse Dunk Shot,dunk,other_or_unknown,125,5.767757772630374e-4
2021-22,Reverse Layup Shot,layup,other_or_unknown,1419,0.006547558623490001
2021-22,Running Alley Oop Dunk Shot,dunk,drive_cut_or_roll,376,0.0017349415380072165
2021-22,Running Alley Oop Layup Shot,layup,drive_cut_or_roll,127,5.86004189699246e-4
2021-22,Running Dunk Shot,dunk,other_or_unknown,2192,0.010114340030084625
2021-22,Running Finger Roll Layup Shot,layup,other_or_unknown,1207,0.005569346905251889
2021-22,Running Jump Shot,regular_jumper,other_or_unknown,2944,0.013584223106099058
2021-22,Running Layup Shot,layup,other_or_unknown,5152,0.023772390435673352
2021-22,Running Pull-Up Jump Shot,regular_jumper,pull_up_or_self_created,1806,0.008333256429896366
2021-22,Running Reverse Dunk Shot,dunk,other_or_unknown,32,1.4765459897933758e-4
2021-22,Running Reverse Layup Shot,layup,other_or_unknown,472,0.0021779053349452295
2021-22,Step Back Bank Jump Shot,step_back,pull_up_or_self_created,77,3.5529387879403105e-4
2021-22,Step Back Jump shot,step_back,pull_up_or_self_created,10310,0.04757246610865533
2021-22,Tip Dunk Shot,dunk,putback,720,0.0033222284770350954
2021-22,Tip Layup Shot,layup,putback,4459,0.02057474552652707
2021-22,Turnaround Bank Hook Shot,hook,other_or_unknown,161,7.428872011147923e-4
2021-22,Turnaround Fadeaway Bank Jump Shot,fadeaway_or_turnaround,other_or_unknown,563,0.0025977981007927206
2021-22,Turnaround Fadeaway shot,fadeaway_or_turnaround,other_or_unknown,2976,0.013731877705078395
2021-22,Turnaround Hook Shot,hook,other_or_unknown,2330,0.010751100488183018
2021-22,Turnaround Jump Shot,fadeaway_or_turnaround,other_or_unknown,3080,0.014211755151761242
2022-23,Alley Oop Dunk Shot,dunk,drive_cut_or_roll,1558,0.007172451892090968
2022-23,Alley Oop Layup shot,layup,drive_cut_or_roll,795,0.0036598839885830033
2022-23,Cutting Dunk Shot,dunk,drive_cut_or_roll,3341,0.015380720007365805
2022-23,Cutting Finger Roll Layup Shot,layup,drive_cut_or_roll,678,0.0031212595525273914
2022-23,Cutting Layup Shot,layup,drive_cut_or_roll,5518,0.02540281742012706
2022-23,Driving Bank Hook Shot,hook,drive_cut_or_roll,393,0.0018092256698278243
2022-23,Driving Dunk Shot,dunk,drive_cut_or_roll,1939,0.008926434030015652
2022-23,Driving Finger Roll Layup Shot,layup,drive_cut_or_roll,5516,0.02539361016480987
2022-23,Driving Floating Bank Jump Shot,floater,drive_cut_or_roll,3356,0.015449774422244728
2022-23,Driving Floating Jump Shot,floater,drive_cut_or_roll,11246,0.051772396648559066
2022-23,Driving Hook Shot,hook,drive_cut_or_roll,1500,0.006905441487892459
2022-23,Driving Layup Shot,layup,drive_cut_or_roll,19169,0.08824693858760703
2022-23,Driving Reverse Dunk Shot,dunk,drive_cut_or_roll,41,1.887487340023939e-4
2022-23,Driving Reverse Layup Shot,layup,drive_cut_or_roll,2218,0.010210846146763649
2022-23,Dunk Shot,dunk,other_or_unknown,1637,0.007536138477119971
2022-23,Fadeaway Bank shot,fadeaway_or_turnaround,other_or_unknown,182,8.378602338642851e-4
2022-23,Fadeaway Jump Shot,fadeaway_or_turnaround,other_or_unknown,3923,0.01806003130466808
2022-23,Finger Roll Layup Shot,layup,other_or_unknown,405,0.001864469201730964
2022-23,Floating Jump shot,floater,other_or_unknown,4331,0.019938311389374828
2022-23,Hook Bank Shot,hook,other_or_unknown,142,6.537151275204862e-4
2022-23,Hook Shot,hook,other_or_unknown,1874,0.008627198232206978
2022-23,Jump Bank Shot,regular_jumper,other_or_unknown,451,0.0020762360740263328
2022-23,Jump Shot,regular_jumper,other_or_unknown,63979,0.2945354939692478
2022-23,Layup Shot,layup,other_or_unknown,5824,0.026811527483657123
2022-23,Pullup Jump shot,regular_jumper,pull_up_or_self_created,27215,0.12528772672866217
2022-23,Putback Dunk Shot,dunk,putback,560,0.002578031488813185
2022-23,Putback Layup Shot,layup,putback,3525,0.01622778749654728
2022-23,Reverse Dunk Shot,dunk,other_or_unknown,119,5.478316913728018e-4
2022-23,Reverse Layup Shot,layup,other_or_unknown,1400,0.006445078722032962
2022-23,Running Alley Oop Dunk Shot,dunk,drive_cut_or_roll,468,0.002154497744222447
2022-23,Running Alley Oop Layup Shot,layup,drive_cut_or_roll,161,7.411840530337907e-4
2022-23,Running Dunk Shot,dunk,other_or_unknown,2569,0.011826719454930485
2022-23,Running Finger Roll Layup Shot,layup,other_or_unknown,1500,0.006905441487892459
2022-23,Running Jump Shot,regular_jumper,other_or_unknown,4398,0.02024675444250069
2022-23,Running Layup Shot,layup,other_or_unknown,6766,0.031148144738053586
2022-23,Running Pull-Up Jump Shot,regular_jumper,pull_up_or_self_created,2601,0.011974035540005524
2022-23,Running Reverse Dunk Shot,dunk,other_or_unknown,24,1.1048706380627935e-4
2022-23,Running Reverse Layup Shot,layup,other_or_unknown,624,0.002872663658963263
2022-23,Step Back Bank Jump Shot,step_back,pull_up_or_self_created,74,3.4066844673602797e-4
2022-23,Step Back Jump shot,step_back,pull_up_or_self_created,10458,0.048144738053586225
2022-23,Tip Dunk Shot,dunk,putback,822,0.0037841819353650677
2022-23,Tip Layup Shot,layup,putback,4685,0.021567995580517446
2022-23,Turnaround Bank Hook Shot,hook,other_or_unknown,201,9.253291593775896e-4
2022-23,Turnaround Bank shot,fadeaway_or_turnaround,other_or_unknown,306,0.0014087100635300617
2022-23,Turnaround Fadeaway Bank Jump Shot,fadeaway_or_turnaround,other_or_unknown,100,4.6036276585949726e-4
2022-23,Turnaround Fadeaway shot,fadeaway_or_turnaround,other_or_unknown,3214,0.014796059294724244
2022-23,Turnaround Hook Shot,hook,other_or_unknown,2546,0.0117208360187828
2022-23,Turnaround Jump Shot,fadeaway_or_turnaround,other_or_unknown,2868,0.013203204124850381
