protocol_version,item,frozen_rule
context_m2_protocol_v0.1.0,entry_rule,"M1 always enters; M2 enters only if it passes every historical development advancement gate"
context_m2_protocol_v0.1.0,formula_lock,"all formulas and computational rules become immutable before any 2026-27 data access"
context_m2_protocol_v0.1.0,training_window,"2021-22 through 2025-26 complete eligible games"
context_m2_protocol_v0.1.0,eligibility,"same canonical field-goal eligibility; returning and unseen players retained"
context_m2_protocol_v0.1.0,primary_metric,"pooled shot-level Bernoulli log loss; M2-minus-M1; negative favors M2"
context_m2_protocol_v0.1.0,confirmation,"M2 log loss lower by more than one paired whole-game bootstrap SE and no registered material calibration loss"
context_m2_protocol_v0.1.0,disagreement,"retain M1; do not tune or rescue M2 with 2026-27 outcomes"
context_m2_protocol_v0.1.0,access_guard,"do not create, inspect, download, infer, or prepare a 2026-27 partition before an approved execution task"

